1|"Ofelia"|"Thiel"|"2011-09-19"|"614 Port Wall haven"|4564364187|"I"|1.63|16
2|"Francesco"|"Gutkowski"|"1995-10-06"|"357 Port Row ville"|2110340131|"A"|1.81|13
3|"Bennie"|"Leffler"|"2016-04-10"|"214 North Row chester"|7876114140|"A"|2.02|5
4|"Mikel"|"Koelpin"|"2001-08-20"|"240 South Harbors land"|0463382664|"A"|1.71|7
5|"Izabella"|"Kunde"|"1990-06-05"|"782 West Shoals burgh"|0146647066|"I"|1.73|11
6|"Louisa"|"Kihn"|"1985-01-28"|"646 North Place mouth"|7266431616|"I"|1.73|11
7|"Carolyne"|"Adams"|"1989-12-10"|"30310 South Prairie chester"|7873660232|"A"|1.87|7
8|"Donna"|"Kihn"|"2009-08-27"|"7301 Port Locks burgh"|6447602231|"I"|1.56|19
9|"Gilbert"|"Schimmel"|"2019-06-24"|"0465 North Stream mouth"|4167282012|"I"|1.93|14
10|"Kathleen"|"Olson"|"2017-12-25"|"28532 South Hollow berg"|5523701386|"A"|1.51|23
11|"Prince"|"Rolfson"|"2016-02-19"|"545 East Trail chester"|2263604337|"A"|1.92|4
12|"Terrence"|"Kris"|"1994-09-05"|"4185 Lake Village haven"|6577246647|"A"|1.72|2
13|"Mauricio"|"Brekke"|"1995-12-13"|"6000 East Pass side"|4765734266|"I"|1.86|9
14|"Enos"|"Terry"|"2008-11-04"|"58063 New Center haven"|2623047062|"A"|1.63|20
15|"Elfrieda"|"Halvorson"|"2000-02-12"|"0385 West Plain view"|2483208753|"A"|1.82|17
16|"Candace"|"Becker"|"2009-08-24"|"18048 New Shores borough"|6734010381|"A"|1.72|10
17|"Jarrell"|"Wehner"|"1973-12-04"|"1726 Lake Brooks town"|0835861105|"A"|1.76|9
18|"Jerald"|"Dickens"|"1997-05-26"|"134 East Camp borough"|8847723048|"I"|1.80|13
19|"Eliza"|"Sanford"|"2007-06-09"|"27525 Lake Fields stad"|2058633775|"I"|1.86|21
20|"Sylvia"|"Wehner"|"1990-02-28"|"4602 Lake Forges mouth"|5378156065|"A"|1.99|4
21|"Meggie"|"Rath"|"1987-05-17"|"00834 Lake Via ton"|7644232574|"A"|1.74|12
22|"Ansel"|"Schmeler"|"1991-12-29"|"10553 Lake Mill port"|3267613143|"A"|1.89|8
23|"Violette"|"Sauer"|"1995-06-06"|"3815 South Pike shire"|4820244050|"A"|2.00|5
24|"Kasey"|"Weimann"|"2007-11-15"|"253 East Islands ton"|2207615608|"I"|1.77|4
25|"Adaline"|"Larkin"|"2000-05-01"|"0400 East Fort borough"|8816130161|"I"|1.79|25
26|"Stephon"|"Hoppe"|"2013-06-01"|"2661 New Via stad"|5357164225|"A"|1.87|20
27|"Kaleb"|"Wisozk"|"1979-09-12"|"0754 Port Skyway view"|6246838818|"I"|1.87|17
28|"Lonie"|"Towne"|"1981-10-31"|"6450 Port Mews view"|2814201782|"A"|1.87|3
29|"Yesenia"|"Kautzer"|"1977-11-15"|"24833 Port Forest stad"|0648503268|"I"|1.88|23
30|"Curtis"|"Denesik"|"1994-12-04"|"8868 New Stravenue view"|5516301070|"A"|1.70|6
31|"Lilliana"|"Gleichner"|"2005-07-07"|"4774 Port Land bury"|3878040285|"A"|1.81|5
32|"Damion"|"Roob"|"1972-05-07"|"10874 New Squares shire"|5523862724|"A"|1.93|10
33|"Julia"|"Gorczany"|"1970-06-01"|"264 South Rapid fort"|8873303777|"I"|1.58|13
34|"Yesenia"|"Beer"|"2005-03-09"|"62064 South Ridges bury"|3273862356|"A"|1.63|25
35|"Dayton"|"Cormier"|"1970-07-28"|"452 East Islands side"|0743232060|"I"|1.64|20
36|"Eusebio"|"Labadie"|"2006-03-12"|"23682 West Terrace fort"|3655643248|"A"|1.98|23
37|"Ashlee"|"Bogisich"|"1989-10-06"|"280 Port Centers shire"|2761377027|"I"|1.64|1
38|"Evelyn"|"Collins"|"2002-04-17"|"5113 East Expressway ton"|7482557166|"I"|1.59|14
39|"Kristina"|"Torphy"|"2003-04-08"|"2675 Lake River town"|1072734606|"A"|1.65|21
40|"Mavis"|"Damore"|"1975-02-19"|"540 South Hill burgh"|4215865166|"A"|1.52|18
41|"Adriel"|"Hilpert"|"1972-12-06"|"377 North Rest view"|2180280162|"A"|1.65|17
42|"Dora"|"Hilll"|"1999-06-19"|"6387 East Stream ton"|5524657663|"I"|1.59|20
43|"Fabian"|"Reilly"|"1983-01-28"|"4237 Lake Trail town"|7851068582|"A"|1.92|6
44|"Kamron"|"Bergnaum"|"2004-01-14"|"550 North Place side"|1544647018|"A"|1.51|15
45|"Diego"|"Bernhard"|"2004-10-05"|"650 East Lights shire"|6665817814|"A"|1.66|16
46|"Jarrell"|"Zemlak"|"1977-05-23"|"4208 New Junction ville"|0346857325|"I"|1.96|5
47|"Jerad"|"Rempel"|"2016-11-09"|"65474 East Trail stad"|3267626723|"I"|1.57|11
48|"Myrna"|"Keeling"|"2016-12-09"|"415 Port Fort bury"|1366347245|"I"|1.58|19
49|"Calista"|"Beahan"|"1984-12-13"|"82352 Port Lights side"|4843263023|"I"|1.54|14
50|"Elton"|"Nienow"|"1981-09-22"|"6828 New Court land"|2876678280|"A"|1.52|21
51|"Deontae"|"Mohr"|"1994-07-29"|"885 Lake Mount bury"|0781114785|"I"|1.66|19
52|"Sammy"|"Jones"|"2023-09-06"|"578 North Shore ville"|6318726121|"I"|1.58|3
53|"Jaclyn"|"Schaden"|"1989-06-28"|"448 North Fort port"|1210651522|"I"|1.51|14
54|"Ernestina"|"Prosacco"|"1979-12-22"|"506 New Ridges view"|1335288360|"I"|1.91|17
55|"Alejandrin"|"Hills"|"2020-03-22"|"01542 New Rapids ville"|0347388818|"A"|1.99|4
56|"Rodrigo"|"Johns"|"1977-06-28"|"74751 Port Circles chester"|3370560685|"I"|1.80|22
57|"Elenora"|"Wilkinson"|"2013-07-20"|"7552 North Stravenue port"|8608457003|"I"|1.84|4
58|"Isac"|"Altenwerth"|"2022-09-20"|"01787 Lake Squares bury"|2288644716|"A"|1.61|1
59|"Wilford"|"Upton"|"1990-05-26"|"74206 West Route stad"|8086866544|"A"|1.97|3
60|"Raleigh"|"Dach"|"1979-03-05"|"44867 New Court mouth"|3173273765|"I"|1.77|21
61|"Adriel"|"Okuneva"|"2000-03-14"|"85708 Port Dam borough"|0514227300|"I"|1.62|19
62|"Dariana"|"Monahan"|"1995-12-03"|"056 South Junction ville"|8500552511|"A"|1.67|7
63|"Else"|"Treutel"|"1989-05-05"|"513 North Causeway chester"|2132335166|"I"|1.71|4
64|"Nickolas"|"Douglas"|"2014-11-18"|"7080 West Ports shire"|7231058508|"A"|1.60|1
65|"Jovany"|"Schultz"|"1995-09-07"|"10347 South Knolls view"|3487180843|"I"|1.70|17
66|"Janet"|"Koepp"|"1978-01-06"|"7824 South Walks stad"|7465107515|"I"|1.82|20
67|"Josianne"|"Wolff"|"1970-02-06"|"2155 West Club burgh"|0330430838|"I"|2.00|23
68|"Corene"|"Abshire"|"1971-02-03"|"66322 West Lakes fort"|1414170006|"I"|1.81|6
69|"Jacynthe"|"Osinski"|"2020-01-09"|"56066 Lake Field mouth"|2331435767|"A"|1.64|3
70|"Maxwell"|"Upton"|"2021-05-18"|"0856 New Dale shire"|4658664186|"I"|1.61|3
71|"Duane"|"Hoppe"|"1998-08-16"|"256 West Point shire"|6317266281|"A"|1.62|25
72|"Annalise"|"Gleichner"|"2015-08-09"|"86686 West Drive chester"|5478662400|"A"|1.71|7
73|"Anjali"|"Maggio"|"1999-08-16"|"446 South River port"|7322836800|"A"|1.62|7
74|"Rubie"|"Little"|"1988-12-29"|"537 Port Estate view"|1217526845|"A"|1.82|13
75|"Trevion"|"Block"|"1998-04-22"|"050 West Fields town"|2855254513|"A"|1.97|17
76|"Jesse"|"Stamm"|"2022-03-21"|"7214 Lake Well berg"|2231325527|"A"|2.02|3
77|"Rex"|"Beier"|"2008-07-03"|"41238 Lake Stream stad"|6468326306|"I"|1.65|7
78|"Marietta"|"Marks"|"2003-01-26"|"8371 New Hill mouth"|7384362610|"A"|2.04|7
79|"Lemuel"|"Bayer"|"1986-05-17"|"7041 South Mount town"|4428880725|"I"|1.84|23
80|"Rocky"|"OReilly"|"1999-10-09"|"12607 New Village town"|1735236228|"I"|1.85|2
81|"Jessy"|"Weimann"|"2014-04-08"|"8681 South Streets view"|7260445656|"I"|1.75|3
82|"Shanie"|"Moen"|"2001-05-13"|"7021 East Oval land"|3206818786|"I"|1.88|14
83|"Shea"|"Ward"|"1999-08-07"|"165 Port Underpass ville"|6687010248|"A"|2.01|10
84|"Clifford"|"Bartell"|"2004-07-22"|"2081 Lake Corners berg"|0461361627|"A"|1.66|3
85|"Alfredo"|"Collins"|"1976-06-16"|"68706 Port Road mouth"|4488367328|"I"|2.00|8
86|"Shayna"|"Koss"|"1973-09-24"|"784 South Trace furt"|2310275254|"I"|1.76|8
87|"Mitchell"|"Strosin"|"1992-01-02"|"017 Port Radial side"|5163450742|"I"|1.62|18
88|"Michael"|"Heaney"|"1993-02-14"|"773 Port Street berg"|4746057356|"I"|1.73|16
89|"Stephen"|"Bashirian"|"2005-11-07"|"20280 Port Forge mouth"|8303750282|"A"|1.75|16
90|"Richie"|"Hackett"|"2013-12-17"|"11432 West Mountain fort"|3356767150|"I"|1.84|17
91|"Carmen"|"Mueller"|"1991-07-08"|"7476 Lake Point mouth"|6383643681|"I"|1.74|21
92|"Ada"|"Hamill"|"2011-06-03"|"65841 West Pine borough"|8575271107|"A"|1.56|7
93|"Branson"|"Sporer"|"1977-03-08"|"87883 New Place stad"|1716785266|"I"|1.52|17
94|"Manuel"|"Gleichner"|"1993-05-01"|"653 North Stravenue chester"|0752525184|"A"|1.66|1
95|"Olin"|"Becker"|"1981-02-21"|"008 Port Ville port"|3275464008|"A"|1.90|10
96|"Emelie"|"Rosenbaum"|"2018-09-28"|"728 New Trail side"|6336873875|"I"|1.79|25
97|"Archibald"|"Padberg"|"2019-10-07"|"5558 South Field fort"|4653047056|"A"|1.59|14
98|"Ava"|"Ruecker"|"1987-06-03"|"38154 Lake Light fort"|0557046705|"A"|1.95|18
99|"Frances"|"Lesch"|"1973-11-29"|"302 New Ferry furt"|7548477142|"A"|1.80|5
100|"Nicola"|"Rogahn"|"2010-11-25"|"7570 North Crescent chester"|2500873526|"I"|1.71|24
101|"Queen"|"Marquardt"|"1991-01-01"|"668 West Place haven"|1541227481|"A"|1.69|4
102|"Waldo"|"Jast"|"2015-11-08"|"56604 Lake Squares town"|3044472433|"A"|1.55|16
103|"Xzavier"|"Moen"|"1995-01-15"|"5438 East River furt"|7036880110|"A"|1.93|9
104|"Ryley"|"Schamberger"|"1993-09-10"|"64352 East Courts borough"|1025738540|"A"|1.53|21
105|"Alessandra"|"Waelchi"|"1996-10-19"|"7651 Lake Village borough"|5017386037|"A"|1.94|12
106|"Terrance"|"Eichmann"|"2021-09-02"|"28422 South Square land"|5655780613|"I"|2.03|19
107|"Kennith"|"Bernier"|"1992-10-21"|"2155 Port Plain berg"|3735733274|"I"|1.85|8
108|"Raul"|"Walter"|"1996-10-30"|"5728 South Mall mouth"|2581107856|"I"|1.58|8
109|"Ronaldo"|"Ledner"|"2021-03-10"|"430 East View fort"|8305432628|"A"|1.59|16
110|"Pascale"|"Gislason"|"2023-03-26"|"766 West Ranch land"|5885444345|"I"|1.88|20
111|"Stanley"|"Bernhard"|"1987-11-04"|"858 East Haven haven"|2368625053|"A"|1.97|22
112|"Kyla"|"Hills"|"1971-06-10"|"1766 West Place land"|5706634843|"I"|1.55|24
113|"Casimir"|"Lowe"|"1978-12-31"|"76700 South Street haven"|1874005884|"A"|1.54|17
114|"Garfield"|"Veum"|"2004-03-11"|"252 New Loop mouth"|1213462456|"I"|1.89|4
115|"Zoila"|"Powlowski"|"1982-03-25"|"313 West Harbor fort"|8367204420|"A"|1.85|24
116|"Floyd"|"Robel"|"1990-09-08"|"270 Port Pass stad"|0565530048|"A"|1.99|21
117|"Barbara"|"Kunde"|"1973-11-18"|"1681 East Valleys borough"|4108224403|"I"|1.78|25
118|"Josie"|"Grant"|"1980-01-15"|"673 Lake Shores view"|5744317823|"I"|1.74|5
119|"Brenden"|"Hegmann"|"1994-10-19"|"476 New Forge shire"|7408265850|"A"|1.80|9
120|"Coby"|"Padberg"|"2018-04-17"|"8568 East Parkways mouth"|3400360627|"I"|1.57|19
121|"Malinda"|"Mohr"|"1974-11-20"|"4874 Port Fields chester"|2564033065|"I"|1.96|1
122|"Gwen"|"Lueilwitz"|"1994-10-14"|"68330 Port View burgh"|0803333530|"A"|1.95|21
123|"Madilyn"|"Denesik"|"1995-02-12"|"032 West Fords stad"|5420310170|"A"|1.71|16
124|"Royal"|"Bernhard"|"2000-09-30"|"87402 South Springs haven"|1077882775|"A"|1.87|4
125|"Dudley"|"Fahey"|"2007-07-06"|"616 New Bridge stad"|2173745671|"A"|1.68|19
126|"Curtis"|"Koepp"|"2008-11-24"|"702 South Forest chester"|2064282164|"I"|1.51|8
127|"Lillian"|"Durgan"|"2003-03-25"|"636 East Tunnel ton"|0347408487|"I"|1.86|24
128|"Jeremy"|"Tillman"|"1984-06-26"|"8250 Port Glens port"|8568662241|"I"|1.57|21
129|"Felicia"|"Upton"|"1992-01-10"|"012 South Track side"|7241287640|"A"|1.73|21
130|"Sincere"|"Weissnat"|"1988-09-21"|"73738 East Rue view"|3843516387|"I"|1.95|21
131|"Brady"|"Gleichner"|"1976-01-21"|"81162 West Cliff town"|2620104226|"A"|1.69|25
132|"Ashley"|"Russel"|"1972-05-01"|"6516 West View port"|4732860417|"I"|1.92|23
133|"Eloisa"|"Berge"|"1971-06-21"|"70323 South Cape chester"|6803636055|"I"|1.98|16
134|"Velva"|"McKenzie"|"1979-03-07"|"05856 South Stream port"|6635585168|"A"|1.64|14
135|"Deion"|"Roob"|"1995-12-17"|"7662 West Lock haven"|2137786274|"A"|1.90|17
136|"Jannie"|"Hirthe"|"2020-03-19"|"43324 New Tunnel shire"|4753477683|"A"|1.97|16
137|"Natalia"|"Conroy"|"2014-04-29"|"2058 South Mountains burgh"|0245802840|"A"|2.00|9
138|"Eino"|"Cassin"|"2007-09-07"|"211 Lake Valleys burgh"|8710872017|"A"|1.69|21
139|"Monserrat"|"Nikolaus"|"1976-02-26"|"122 Port Extension view"|8081887434|"A"|2.01|12
140|"Thad"|"Ritchie"|"1985-04-10"|"007 East Tunnel stad"|2835112017|"A"|1.64|19
141|"Regan"|"Bednar"|"2002-04-17"|"26104 North Fort berg"|5705172144|"I"|1.53|5
142|"Vidal"|"Parker"|"1992-11-27"|"63034 New Shoal chester"|6721186353|"I"|1.60|6
143|"Elva"|"Leuschke"|"2015-06-17"|"7326 North Oval ville"|2448716785|"A"|1.88|7
144|"Karley"|"Purdy"|"2009-04-30"|"6615 New Lake ville"|5001044761|"I"|1.65|14
145|"Aaliyah"|"Waters"|"2001-05-25"|"0305 West Stravenue haven"|7446318658|"I"|1.85|19
146|"Domenico"|"Wilderman"|"1985-09-09"|"3365 South Street side"|8070543420|"I"|1.83|6
147|"Earline"|"Hilll"|"1991-07-11"|"0345 New Knolls fort"|4836884754|"A"|1.84|15
148|"Adeline"|"Rowe"|"2012-07-23"|"50004 East Vista bury"|0437583128|"A"|1.97|13
149|"Mackenzie"|"Crist"|"1998-09-17"|"45386 South Mount mouth"|4417327148|"A"|1.96|2
150|"Fannie"|"Weber"|"2003-02-20"|"5802 South Neck mouth"|3514183136|"A"|2.03|20
151|"Joanie"|"Cronin"|"1994-05-05"|"0445 East Mills mouth"|5501871477|"I"|1.84|11
152|"Everardo"|"Pacocha"|"2022-06-15"|"750 Lake Trail stad"|1566171174|"A"|1.57|18
153|"Addison"|"Cartwright"|"1980-05-25"|"64187 West Spur bury"|7310012301|"I"|1.84|10
154|"Marcelo"|"Gleason"|"1971-08-25"|"2852 West Trail burgh"|0726800434|"A"|1.57|10
155|"Monserrate"|"Gutkowski"|"1982-08-10"|"34721 East Expressway view"|4654406085|"A"|1.66|22
156|"Abner"|"Moore"|"1985-08-17"|"548 East Road stad"|8277021200|"A"|1.52|5
157|"Lulu"|"Dibbert"|"1989-07-22"|"42733 Lake Drive mouth"|2287824736|"A"|1.88|18
158|"Marian"|"Hegmann"|"2019-08-10"|"4037 South Valley land"|7531861063|"A"|1.66|12
159|"Naomi"|"Murazik"|"1970-10-05"|"83243 North Ferry mouth"|6148628151|"A"|1.51|4
160|"Halle"|"OReilly"|"1999-06-24"|"8256 Lake Forest side"|4601856476|"I"|1.90|13
161|"Destany"|"Rau"|"2010-11-23"|"0005 Lake Spur mouth"|5212621531|"A"|1.52|3
162|"Kirstin"|"Schaden"|"1987-08-22"|"631 Port Island shire"|4180266128|"A"|1.59|7
163|"Eudora"|"Dare"|"1982-11-12"|"0448 North Haven shire"|7035047574|"I"|1.82|14
164|"Charlotte"|"Stamm"|"1987-05-19"|"43306 Lake Drives fort"|8557505747|"A"|1.59|5
165|"Muhammad"|"Weissnat"|"2015-06-15"|"1637 South Radial ville"|0528042187|"A"|1.81|21
166|"Wilson"|"Thiel"|"2002-05-14"|"00303 New Point berg"|0632332358|"A"|1.87|18
167|"Betsy"|"Bednar"|"1989-12-08"|"8678 New Prairie chester"|6453100151|"I"|1.70|24
168|"Florida"|"Bednar"|"1989-01-01"|"2233 North Gardens view"|6381641665|"I"|1.50|23
169|"Nikki"|"Volkman"|"1992-06-29"|"8827 South Ramp burgh"|5762415658|"I"|1.81|19
170|"Joelle"|"Dare"|"2009-04-04"|"854 New Cliff mouth"|1376502634|"I"|1.78|8
171|"Tomas"|"Bogisich"|"2022-10-05"|"767 Lake Branch stad"|6625074385|"I"|1.79|20
172|"Neha"|"Marvin"|"1986-01-03"|"3167 West Ways side"|7270236648|"I"|1.58|6
173|"Alexander"|"Vandervort"|"1979-12-18"|"50451 West Canyon mouth"|2734065702|"A"|1.66|23
174|"Amely"|"Cassin"|"2005-02-04"|"126 North Field stad"|3052473083|"I"|1.50|10
175|"Rebekah"|"Skiles"|"2000-01-27"|"31345 East Road ton"|0818886440|"I"|1.66|8
176|"Brandon"|"Flatley"|"2006-02-10"|"003 Port Park chester"|0366263668|"A"|1.73|25
177|"Helmer"|"Cruickshank"|"1970-01-08"|"5733 South Locks stad"|1753067654|"I"|2.00|8
178|"Jasmin"|"Kling"|"1976-09-20"|"08826 Lake Flats mouth"|6782221068|"I"|1.98|25
179|"Carmela"|"Hettinger"|"1974-12-31"|"088 West Via mouth"|4618357475|"I"|1.76|23
180|"Mathilde"|"Heller"|"1991-10-28"|"47722 North Pike burgh"|8273115367|"A"|1.89|7
181|"Kennith"|"Schmeler"|"1982-03-14"|"852 New Fields mouth"|4217681636|"A"|1.71|14
182|"Fay"|"Streich"|"1973-11-22"|"650 New Plains haven"|4407050122|"I"|1.55|17
183|"Joe"|"Hegmann"|"1972-07-23"|"271 Port Brooks berg"|0845304325|"A"|1.86|22
184|"Heather"|"Harris"|"1984-02-09"|"471 West Place mouth"|8028551412|"I"|1.71|8
185|"Kaleigh"|"Becker"|"1974-04-13"|"5426 South Fords stad"|2614311160|"I"|1.67|13
186|"Kari"|"Stoltenberg"|"2021-11-12"|"3046 West Radial mouth"|2628674212|"I"|1.56|13
187|"Greyson"|"Altenwerth"|"2000-12-16"|"87456 North Island land"|6401000723|"I"|1.86|2
188|"Elijah"|"Halvorson"|"2006-01-05"|"3047 Lake Ranch town"|7782766688|"A"|1.69|18
189|"Raegan"|"Jakubowski"|"1994-08-14"|"1325 East Garden view"|4463640635|"I"|1.57|3
190|"Adrienne"|"Little"|"2016-02-25"|"5587 Port Flats shire"|6022518360|"A"|1.52|10
191|"Cleora"|"Mertz"|"1993-02-24"|"03853 South Summit furt"|7383060506|"I"|1.83|20
192|"Hobart"|"Stanton"|"1993-10-10"|"3765 New Junctions ton"|1816752160|"A"|1.99|18
193|"Carmela"|"Gislason"|"2005-08-06"|"432 Port Well berg"|2588327232|"A"|1.67|8
194|"Fabian"|"Goldner"|"2010-06-24"|"6483 New Parkways mouth"|7676671120|"A"|1.89|10
195|"Duncan"|"Sauer"|"1987-03-26"|"7185 East Views side"|3805718673|"I"|1.57|14
196|"Jaron"|"Schaefer"|"1987-11-28"|"020 South Centers mouth"|8026174607|"I"|1.82|4
197|"Nat"|"Schuppe"|"2012-09-29"|"72836 Port Extension ville"|8216082156|"I"|1.78|19
198|"Orlando"|"White"|"1994-07-31"|"520 North Roads ton"|4056362603|"I"|1.68|12
199|"Giovanni"|"Terry"|"1998-10-31"|"63273 West Mews burgh"|8514864586|"A"|1.53|4
200|"Ozella"|"Lockman"|"1970-04-11"|"518 West Views haven"|4070825073|"A"|1.95|2
201|"Jonathan"|"Rohan"|"2012-03-21"|"43483 West Plaza chester"|4743335620|"I"|1.82|15
202|"Haven"|"Klein"|"2011-12-15"|"51111 New Locks burgh"|6342676263|"I"|1.95|6
203|"Mikayla"|"Luettgen"|"2009-11-05"|"21154 Lake Union ton"|0308555380|"I"|1.98|19
204|"Augusta"|"Kohler"|"2006-05-29"|"222 Lake Port fort"|6542426764|"A"|1.65|7
205|"Josh"|"Crooks"|"1981-04-01"|"417 West Mall bury"|8841403546|"I"|1.72|6
206|"Johnson"|"Dickens"|"1976-05-18"|"47732 New Crescent bury"|4255613822|"A"|1.78|12
207|"Cordell"|"Gislason"|"1992-03-09"|"1586 West Manors stad"|8527822633|"A"|1.65|11
208|"Victor"|"Ratke"|"2009-04-05"|"455 Port Cape bury"|2625844274|"I"|1.87|10
209|"Peter"|"Roberts"|"2018-01-02"|"04532 South Knoll furt"|3122643187|"I"|1.83|9
210|"Francesco"|"Schamberger"|"2009-07-20"|"8805 Port Stream port"|7522854648|"A"|1.83|17
211|"Ward"|"Simonis"|"1995-02-22"|"412 East Crossing haven"|8314066166|"I"|2.01|24
212|"Tressie"|"Dare"|"2023-02-10"|"253 Lake Plaza mouth"|1247308256|"I"|1.60|12
213|"Blanca"|"Connelly"|"2021-11-20"|"28600 East Hill mouth"|1760850723|"I"|1.53|12
214|"Ettie"|"Beatty"|"1998-03-06"|"53660 South Mission town"|7582558675|"I"|1.73|7
215|"Gail"|"Predovic"|"1995-02-08"|"011 West Pass bury"|0030226101|"I"|1.89|16
216|"Bette"|"Goyette"|"1991-01-21"|"31265 South Lakes ville"|4660008545|"A"|1.62|3
217|"Annabell"|"Schamberger"|"2014-10-12"|"18217 Lake Fork bury"|3630561360|"A"|1.88|16
218|"Mattie"|"Wuckert"|"1997-02-20"|"58606 Port Prairie burgh"|1806361788|"I"|1.73|14
219|"Hector"|"Douglas"|"2010-11-01"|"30052 Lake Circle view"|5161011153|"A"|1.56|17
220|"Elias"|"Bergnaum"|"2018-03-26"|"574 West Glen fort"|4763062232|"I"|1.96|22
221|"Pearlie"|"Frami"|"1987-07-03"|"68576 North Field mouth"|6340684220|"A"|1.67|25
222|"Davin"|"Schroeder"|"2015-06-08"|"382 Lake Ford burgh"|8387626508|"I"|1.52|20
223|"Clifton"|"Bradtke"|"1974-05-30"|"1266 East Camp stad"|5013833801|"A"|1.54|15
224|"Emma"|"Okuneva"|"1970-03-27"|"6242 East Bridge borough"|2117873001|"A"|1.65|18
225|"Yasmeen"|"Balistreri"|"1984-05-13"|"3636 Lake Rapid berg"|4285470350|"I"|1.96|1
226|"Cathy"|"Waters"|"2022-09-14"|"54860 East Shore chester"|0711270700|"A"|1.80|4
227|"Susie"|"Kautzer"|"1984-04-10"|"627 West Spur side"|7754615051|"I"|1.65|22
228|"Nina"|"Emard"|"1985-09-22"|"001 Port Well town"|3734404654|"I"|1.53|3
229|"Itzel"|"Mohr"|"2016-02-28"|"2660 West Field furt"|1650324321|"I"|1.66|6
230|"Candelario"|"Watsica"|"2003-01-08"|"67803 Port Parkway view"|0484827800|"I"|1.59|1
231|"Orlo"|"Macejkovic"|"1992-08-01"|"1237 East Tunnel borough"|1140165688|"I"|1.60|2
232|"Wade"|"Hane"|"2017-01-16"|"784 New Alley stad"|8216658857|"A"|1.56|17
233|"Pinkie"|"Bogan"|"2015-04-29"|"7136 East Walks ville"|6780437401|"A"|1.68|10
234|"Charlie"|"Frami"|"1990-02-15"|"481 Port Manor mouth"|4260013262|"I"|1.66|7
235|"Cydney"|"Hayes"|"1988-01-14"|"5417 North Fields borough"|8502328356|"A"|1.73|21
236|"Wendy"|"OReilly"|"1995-07-11"|"5833 West Locks furt"|3808625103|"A"|2.00|13
237|"Carlotta"|"Torp"|"2020-03-26"|"182 East Dam stad"|3434278016|"I"|1.70|3
238|"Keith"|"Goldner"|"1987-01-31"|"1587 Port Meadow berg"|8028320135|"I"|1.68|2
239|"Keegan"|"Kozey"|"1976-11-16"|"0514 South Walk town"|7771187516|"I"|1.73|3
240|"Chasity"|"McCullough"|"2018-08-07"|"45306 East Loaf ton"|5476442582|"I"|1.55|2
241|"Adalberto"|"Feil"|"2003-04-13"|"05152 South Manor haven"|8625778656|"I"|1.62|17
242|"Finn"|"Flatley"|"1995-08-18"|"0484 West Square side"|4726131414|"A"|1.82|11
243|"Chanelle"|"McLaughlin"|"1988-07-02"|"13553 Port Hills furt"|0662353603|"I"|2.01|16
244|"Anne"|"Abshire"|"2000-10-11"|"3333 Lake Glen chester"|7327260772|"I"|2.03|13
245|"Jessie"|"Braun"|"2012-08-04"|"517 East Creek view"|7542445378|"A"|1.69|4
246|"Esta"|"Mertz"|"1998-07-20"|"5315 West Cape shire"|3020005616|"I"|1.65|4
247|"Liliana"|"Heaney"|"2006-07-26"|"746 South Knolls mouth"|1302002600|"A"|2.00|24
248|"Kali"|"Flatley"|"1994-10-13"|"35281 East Turnpike shire"|1116255732|"I"|1.73|19
249|"Arnulfo"|"Prosacco"|"2019-07-09"|"7582 North Club port"|8873754681|"I"|1.67|9
250|"Della"|"Luettgen"|"1988-02-24"|"806 West Fall land"|6678783172|"A"|1.69|20
251|"Rowan"|"Stoltenberg"|"2022-05-07"|"8470 Port Pine haven"|6678417474|"I"|1.65|18
252|"Lavada"|"Homenick"|"2023-01-30"|"030 South Terrace furt"|0458232281|"I"|1.98|17
253|"Ayana"|"Schmitt"|"2003-08-07"|"223 South Creek mouth"|3072208850|"I"|1.68|17
254|"Virgil"|"Berge"|"1978-02-22"|"1555 North Points stad"|8563485137|"I"|1.85|13
255|"Lela"|"Ferry"|"1972-08-31"|"468 New Lodge shire"|0641525315|"A"|1.57|1
256|"Ismael"|"Sawayn"|"1997-07-18"|"836 South Creek view"|4226247504|"I"|1.89|21
257|"Nakia"|"Kirlin"|"1989-02-04"|"22132 West Lock land"|7443452365|"I"|1.88|23
258|"Yasmeen"|"Romaguera"|"2011-05-11"|"1341 South Path berg"|5774685702|"A"|2.05|7
259|"Haley"|"Kiehn"|"1988-07-10"|"281 Lake Loop borough"|2703350422|"A"|1.78|4
260|"Elyssa"|"Pfannerstill"|"1976-08-23"|"783 Lake Ridges ton"|8482724648|"I"|1.52|11
261|"Bradly"|"Bode"|"1983-10-10"|"1622 North Ports berg"|6283607456|"A"|1.83|3
262|"Annetta"|"Boyer"|"1981-08-11"|"808 East Ville berg"|3670185534|"I"|1.75|22
263|"Sunny"|"Kshlerin"|"2003-07-29"|"23783 New Stravenue ton"|2566417000|"I"|1.74|14
264|"Jacey"|"Senger"|"1988-11-04"|"5000 Lake Falls side"|6730183062|"I"|1.66|8
265|"Bettye"|"McKenzie"|"1982-09-23"|"035 East Flats view"|8763723575|"A"|1.92|9
266|"Maya"|"Dach"|"1993-12-05"|"076 Lake Squares port"|0631732426|"A"|2.02|19
267|"Arianna"|"Morar"|"2001-09-12"|"6430 Port Station stad"|5462141007|"A"|1.64|4
268|"Ronny"|"Kutch"|"1991-06-07"|"614 Port Meadows borough"|8280767342|"I"|1.88|10
269|"Jackson"|"Sawayn"|"1978-12-07"|"8814 Lake Shores port"|3747115551|"A"|1.63|21
270|"Emmanuelle"|"Grady"|"2009-10-11"|"3164 East Ferry port"|0040478831|"I"|1.67|15
271|"Colby"|"VonRueden"|"2002-02-14"|"343 South Passage berg"|1733306022|"A"|1.77|18
272|"Guy"|"Yost"|"1998-07-24"|"22171 North Bridge ville"|7113837576|"I"|1.67|2
273|"Easton"|"Schmidt"|"1976-08-12"|"83706 New Locks furt"|4362400124|"A"|1.95|13
274|"Adrienne"|"Torphy"|"1996-07-09"|"08365 New Valleys stad"|4057642684|"I"|1.97|24
275|"Benjamin"|"Walker"|"1985-05-25"|"2446 West Loop berg"|0454731174|"I"|1.70|2
276|"Maegan"|"Collier"|"1981-09-05"|"3141 Port Expressway haven"|6622340086|"I"|1.99|20
277|"Thad"|"Kohler"|"2008-11-19"|"04126 South Shoal haven"|1715368616|"I"|1.95|13
278|"Beverly"|"Lang"|"1981-05-12"|"335 Port Creek berg"|0863881626|"I"|1.55|5
279|"Daren"|"Block"|"2023-04-24"|"8870 East Common shire"|5263241264|"A"|1.73|23
280|"Modesta"|"Tillman"|"1973-01-30"|"442 North Road chester"|8818717643|"A"|1.66|15
281|"Laisha"|"Streich"|"1974-09-16"|"1635 Lake Wells side"|8475725737|"I"|2.04|24
282|"Adelle"|"Abbott"|"2004-04-28"|"8005 Lake Island view"|5566243551|"I"|1.77|1
283|"Kariane"|"Schultz"|"2008-08-15"|"8752 East Road fort"|7472620870|"A"|1.98|12
284|"Maxine"|"Feeney"|"1990-08-27"|"27356 North Turnpike fort"|7850874835|"A"|1.87|21
285|"Mylene"|"Labadie"|"2018-06-12"|"005 South Cliffs shire"|2745345210|"A"|1.69|2
286|"Carson"|"Lesch"|"2014-03-17"|"052 East Landing borough"|0484553701|"I"|1.53|20
287|"Mohammed"|"Prohaska"|"1992-02-24"|"568 Port Canyon shire"|3627366114|"A"|1.86|21
288|"Autumn"|"Konopelski"|"1998-09-12"|"513 West Parkway mouth"|4645726865|"I"|1.55|15
289|"Deborah"|"Cummerata"|"2012-11-01"|"631 New Flat berg"|5507230856|"I"|2.02|6
290|"Shana"|"Olson"|"1997-06-14"|"8472 Lake Curve mouth"|6310284775|"A"|1.53|19
291|"Fredrick"|"Kuvalis"|"2015-12-27"|"0703 Port Well burgh"|7773368751|"A"|1.69|19
292|"Catharine"|"Koss"|"2010-02-10"|"867 North Spring mouth"|1652716764|"A"|1.98|14
293|"Miles"|"Jast"|"1985-01-16"|"035 Lake Camp ville"|2857560641|"A"|1.83|10
294|"Doyle"|"Bayer"|"2017-11-01"|"751 New Run mouth"|5164838705|"A"|1.86|9
295|"Forest"|"Schaefer"|"1989-03-22"|"8681 South Pines shire"|5410036016|"I"|1.99|19
296|"Godfrey"|"Lynch"|"2016-03-07"|"08240 North Road haven"|4663387527|"A"|1.81|5
297|"Cody"|"Metz"|"1972-11-02"|"3268 East Extensions land"|3775776848|"I"|2.00|7
298|"Kiley"|"Littel"|"1971-02-05"|"455 East Roads ville"|8111858107|"I"|1.53|8
299|"Ava"|"Bradtke"|"1994-08-13"|"278 North Overpass side"|1872408465|"A"|1.76|23
300|"Dion"|"Waters"|"1989-07-27"|"153 Lake Crossing borough"|8364157137|"I"|1.56|24
301|"Noe"|"Marvin"|"1982-12-11"|"580 West Knoll stad"|6084865066|"A"|1.62|4
302|"Clair"|"Graham"|"1999-09-07"|"72528 Port Hill berg"|6156416568|"A"|1.59|1
303|"Abigayle"|"Sipes"|"1972-05-16"|"816 North Plain fort"|7012044044|"I"|1.55|8
304|"Amani"|"Sauer"|"2008-01-14"|"5806 East Rest side"|8668227030|"A"|2.04|20
305|"June"|"Corkery"|"2016-06-29"|"740 South Ville town"|1832186727|"I"|1.58|21
306|"Louvenia"|"Hilpert"|"2008-06-16"|"3788 Port Locks town"|5701618406|"I"|1.64|20
307|"Jessie"|"Rolfson"|"1976-10-18"|"751 Lake Roads side"|7203530541|"I"|1.60|13
308|"Pete"|"Pfannerstill"|"2001-02-28"|"77464 South Run berg"|6125778031|"I"|1.93|11
309|"Freda"|"Cronin"|"1994-05-02"|"877 New Radial berg"|8762873638|"I"|1.99|1
310|"Viva"|"Reichel"|"2000-05-10"|"523 South Canyon shire"|4872676055|"A"|1.60|5
311|"Itzel"|"Funk"|"2018-09-04"|"50328 North Flats berg"|5553606433|"A"|1.85|13
312|"Shanna"|"Kunze"|"1974-12-20"|"5061 North Gardens berg"|2024032664|"I"|1.87|14
313|"Johnathan"|"Ebert"|"1971-07-19"|"8551 New Fork burgh"|8280214018|"I"|1.93|8
314|"Vesta"|"Bednar"|"2003-12-01"|"841 South Heights burgh"|1388453637|"I"|1.61|19
315|"Leta"|"Herman"|"1972-09-29"|"23117 South Street bury"|3241373732|"A"|1.78|12
316|"Garnet"|"Abbott"|"2006-12-30"|"52436 New Parkway furt"|3745434264|"I"|1.81|8
317|"Nikolas"|"Mueller"|"2000-01-28"|"05743 New Alley ton"|3845800768|"I"|1.55|3
318|"Alexandro"|"Goyette"|"2010-01-23"|"25274 South Shoal view"|6013763270|"I"|1.86|17
319|"Ericka"|"Wolff"|"2006-07-02"|"2782 Lake Manor fort"|3717421088|"I"|1.89|12
320|"Sunny"|"Batz"|"2009-02-07"|"022 South Islands shire"|8286751116|"A"|1.57|3
321|"Shirley"|"Dach"|"1985-04-23"|"36536 East Mountain bury"|5646148480|"I"|1.84|16
322|"Eddie"|"Hessel"|"1971-09-04"|"0080 New Turnpike chester"|1420557818|"I"|1.88|12
323|"Rhianna"|"Homenick"|"1984-07-01"|"51845 New Mountains mouth"|2710538837|"I"|1.91|18
324|"Alyson"|"Hermiston"|"2012-02-24"|"8873 West Mills fort"|2230301453|"A"|1.62|11
325|"Marty"|"Wisozk"|"1971-09-09"|"453 Lake Keys land"|4744783263|"I"|1.68|15
326|"Adolf"|"Cummings"|"1992-03-13"|"884 North Falls borough"|7364406137|"I"|1.80|3
327|"Nels"|"Hammes"|"1985-02-25"|"3451 Lake Neck mouth"|8755863872|"A"|1.58|25
328|"Orville"|"Schumm"|"1990-09-25"|"8541 Lake Unions stad"|1270520413|"A"|1.60|5
329|"Caroline"|"Wolff"|"2014-11-30"|"337 West Turnpike haven"|6848541806|"A"|1.64|11
330|"Shana"|"Abernathy"|"1998-09-30"|"42424 North Skyway fort"|0457705716|"A"|1.59|1
331|"Jada"|"Lowe"|"1971-10-26"|"550 Lake Mountains port"|4002302703|"I"|1.65|16
332|"Elyssa"|"Cummerata"|"2006-05-02"|"736 New Park bury"|2431238604|"A"|1.70|18
333|"Zelda"|"Hane"|"2007-01-14"|"171 North Overpass port"|5231583805|"A"|1.89|24
334|"Toby"|"Corwin"|"2000-08-10"|"53804 Lake Harbor berg"|5837884882|"A"|1.81|3
335|"Alice"|"Kunde"|"2006-11-25"|"03446 South Cliffs ville"|1415836337|"A"|1.95|24
336|"Fausto"|"Beatty"|"1980-08-19"|"10625 Port Parks mouth"|3047551508|"I"|1.81|6
337|"Delpha"|"Schamberger"|"1994-07-24"|"25301 West Motorway fort"|0382068736|"A"|1.80|9
338|"Claudine"|"Green"|"1991-10-13"|"2767 Port Parks bury"|0401700223|"A"|1.95|4
339|"Darrell"|"Moore"|"1996-06-24"|"5780 North Shore side"|5178763564|"I"|1.78|2
340|"Oren"|"Dare"|"2020-09-03"|"461 West Fort furt"|1124727333|"I"|1.71|8
341|"Filiberto"|"Jones"|"2001-06-17"|"5468 New Green furt"|2158858126|"I"|1.72|21
342|"Aurelie"|"Beahan"|"2014-11-27"|"614 East Forges side"|4025326234|"A"|1.99|5
343|"Freeda"|"West"|"2021-12-28"|"5083 New Glens fort"|0176754436|"A"|1.92|7
344|"Bernard"|"Ryan"|"2012-10-30"|"1664 West Harbors berg"|0512106422|"A"|1.61|19
345|"Mckenzie"|"Bode"|"2009-04-01"|"488 East Bridge ville"|4418353664|"I"|1.78|24
346|"Melyna"|"King"|"2011-08-04"|"3422 Port Run side"|6764712132|"I"|1.68|2
347|"Mariela"|"Mraz"|"2021-07-11"|"7147 East Dam bury"|6684143805|"A"|1.89|7
348|"Bethany"|"Rippin"|"2023-08-21"|"0250 Lake Brooks port"|2842131411|"I"|1.77|6
349|"Lonny"|"Olson"|"1972-11-10"|"4603 New Dale berg"|0360606002|"A"|2.00|19
350|"Dorothea"|"Botsford"|"1976-09-15"|"04434 Port Dale chester"|0370322204|"I"|1.94|11
351|"Warren"|"Dibbert"|"1989-05-11"|"52234 East Terrace bury"|1078657843|"I"|1.79|13
352|"Danyka"|"Denesik"|"2015-06-11"|"12121 West Glens stad"|1341872072|"I"|1.50|3
353|"Tressa"|"Stanton"|"1982-05-11"|"856 New Light haven"|0527722856|"A"|1.67|10
354|"Clyde"|"Miller"|"1988-07-24"|"0833 West Lodge shire"|0004111056|"A"|1.61|23
355|"Ramona"|"Mayer"|"1977-12-30"|"442 New Cape side"|8351273785|"I"|1.63|7
356|"Shaylee"|"Haag"|"1995-03-31"|"65283 West Stream bury"|8634264261|"A"|1.75|22
357|"Vincenza"|"Rice"|"2011-01-17"|"52168 North Extension chester"|3473411153|"I"|1.75|1
358|"Fabiola"|"Crist"|"1983-02-06"|"055 East Mission fort"|5245652176|"A"|1.56|13
359|"Marcellus"|"Gleichner"|"1988-05-11"|"7711 North Haven furt"|4133088143|"I"|1.70|3
360|"Omer"|"Runolfsdottir"|"2021-08-14"|"31340 East Point furt"|5153200776|"A"|1.53|9
361|"Neha"|"Abernathy"|"1973-11-22"|"07374 East Underpass shire"|4410210851|"A"|1.82|20
362|"Pascale"|"Schroeder"|"2023-07-05"|"68718 South Groves bury"|1457772214|"I"|1.88|22
363|"Doris"|"Langworth"|"1994-12-13"|"8026 Port Bridge town"|3550031528|"I"|1.96|11
364|"Eliza"|"Waelchi"|"1996-12-16"|"035 Port Ridge bury"|6716073143|"I"|1.60|17
365|"Samanta"|"Kub"|"1982-09-25"|"547 New Mount port"|7516876623|"A"|1.94|6
366|"Donna"|"Swift"|"1973-02-02"|"464 West Viaduct berg"|6082526634|"I"|1.69|14
367|"Queen"|"Gaylord"|"1998-08-04"|"18842 Port Islands stad"|3715406686|"I"|1.78|11
368|"Ray"|"Green"|"2000-11-29"|"6278 New Drives furt"|3018088140|"I"|1.77|10
369|"Johnpaul"|"Hansen"|"1998-03-16"|"33168 East Unions land"|1458765464|"A"|1.80|23
370|"Monty"|"McKenzie"|"2019-07-13"|"1461 West Wells berg"|6088412815|"A"|2.02|4
371|"Edyth"|"Kertzmann"|"2009-08-11"|"2887 South Land town"|0520454865|"A"|1.58|8
372|"Ima"|"Paucek"|"2023-05-08"|"33535 West Hill land"|5571800537|"I"|1.71|11
373|"Leonardo"|"Runolfsdottir"|"1992-09-14"|"013 New Burg mouth"|7485734117|"A"|1.56|1
374|"Lamar"|"Stanton"|"1981-10-15"|"55884 New Crossroad land"|5776451033|"A"|1.60|17
375|"Ebba"|"Corkery"|"1977-04-18"|"64437 South Spring land"|2303828626|"A"|2.00|20
376|"Tristian"|"Wehner"|"1992-02-20"|"60078 Lake Divide ton"|8837847616|"I"|1.92|8
377|"Eleonore"|"Mayert"|"1994-11-09"|"1768 Lake Key port"|0435238746|"A"|2.01|20
378|"Bettie"|"Wolf"|"1971-05-31"|"17108 South Crescent ville"|0372034577|"I"|1.99|4
379|"Lionel"|"Gaylord"|"1984-11-30"|"080 New Station side"|8128050073|"I"|1.76|2
380|"Kasey"|"Gibson"|"2010-05-12"|"73106 South Springs borough"|0860087006|"I"|1.68|21
381|"Lottie"|"Ruecker"|"1983-02-26"|"874 Lake Underpass chester"|1274226054|"A"|1.75|14
382|"Enola"|"Pfannerstill"|"2003-04-06"|"230 South Common chester"|2857166450|"A"|1.61|19
383|"Fanny"|"Corwin"|"2007-10-28"|"01630 East Drives side"|2160124008|"A"|1.94|1
384|"Sylvester"|"Huel"|"2012-11-15"|"7876 South Mill burgh"|7371563706|"A"|1.81|9
385|"Jordan"|"Barrows"|"2000-08-09"|"65412 West Motorway fort"|3233440361|"I"|1.64|24
386|"Natalia"|"Auer"|"2013-08-30"|"211 Port Court town"|8713777138|"I"|1.92|25
387|"Albin"|"Murphy"|"2007-05-04"|"0130 East Mountain mouth"|1286025135|"I"|1.72|14
388|"Tillman"|"Feest"|"1993-05-24"|"87508 North Village borough"|0002240656|"A"|1.53|7
389|"Garrick"|"Mertz"|"2021-04-11"|"253 Port Vista furt"|5277077675|"A"|1.64|13
390|"Flo"|"Marquardt"|"1986-04-12"|"16158 Lake Knoll ton"|2162704850|"A"|1.61|24
391|"Eloise"|"Metz"|"1984-06-21"|"747 Lake Locks haven"|5777006346|"I"|1.81|9
392|"Arvid"|"Ziemann"|"2006-05-23"|"7564 North Alley borough"|6753704701|"A"|1.73|14
393|"Matt"|"Grimes"|"1988-02-28"|"8834 New Junctions ville"|2320714814|"I"|1.65|22
394|"Denis"|"Reichel"|"2006-10-29"|"04078 East Avenue port"|3712545134|"A"|1.93|2
395|"Rebeca"|"Hudson"|"1994-01-03"|"01804 East Lock furt"|6748600552|"I"|2.03|18
396|"Stella"|"Beier"|"1984-03-07"|"88578 South Spurs bury"|2617745034|"A"|1.99|5
397|"Fanny"|"Gorczany"|"1998-06-11"|"2156 East Street mouth"|5365428684|"A"|1.57|2
398|"Jean"|"Beer"|"1983-06-02"|"7556 East Rapids ton"|2661258343|"I"|1.88|13
399|"Sabrina"|"Corwin"|"1991-01-02"|"82371 Lake Expressway side"|4582236753|"A"|1.65|3
400|"Sofia"|"Herman"|"1983-04-30"|"7422 New Shoals land"|2248673323|"A"|1.67|19
